Controller,Avg queue,Avg waiting time,Avg travel time,Decisions,Fallbacks,Guardrail corrections,Runtime,Latency p50,GPU memory GiB
Random,630.59,35.55,594.16,,,,,,
Fixedtime-30,431.37,50.7,451.45,,,,,,
MaxPressure,199.68,30.76,317.51,,,,,,
PressLight,697.76,41.33,630.93,,,,,,
MPLight,391.74,26.49,439.62,,,,,,
CoLight,866.49,51.12,750.91,,,,,,
DynamicLight,609.8,92.07,568.3,,,,,,
Qwen2.5-7B-Instruct,189.14,25.34,312.47,,,,,,
Jev-API-revised-prompt,206.2,47.76,312.75,978,95,4,,,
Laya-typed-decisions-local,191.39305555555555,47.363854997235485,303.87307386814933,1133,0,944,135.12187504768372,,
Laya-typed-decisions-local-no-guardrail,1823.4388888888889,943.759505192812,1395.3608748481167,,0,0,,,
Traffic-Qwen-V1-Dual-Choice,189.9638888888889,46.713642704376134,303.12120730738684,1299,0,0,213.85281688200484,139.36392499454087,1.2923765182495117
Traffic-Qwen-V1-Dual-Choice-guardrail,180.7111111111111,47.0805164282584,297.60381254964256,1285,0,25,210.00462574500125,140.6811970009585,1.2923765182495117
